use icc;
SET @OLD_FOREIGN_KEY_CHECKS=@@FOREIGN_KEY_CHECKS, FOREIGN_KEY_CHECKS=0;


delete from `temple-branch`;
INSERT INTO `temple-branch`(`id`,`name`,`temple-id`,`physical-address-id`,`contact-number`,`contact-name`,`created-by`,`updated-by`,`created-on`,`updated-on`) VALUES('92bdd6d8-4788-496a-96dc-72cf6df6fd5c','ICC - Jayanagar Centre','4ee2d7f5-9f3b-4add-986a-7f1d5658509a',NULL,NULL,'Rangaraj Krishna Dasa','string','string','2018-01-02 07:09:44','2018-01-02 10:32:30');

delete from circle;
INSERT INTO `circle` VALUES ('25067975-fcaa-4e80-959c-433f11b64989','Mayapur',NULL,'2018-01-01 10:35:51','2018-01-01 10:39:03','string','string'),('2dc74711-57aa-46b5-8548-a40546993efc','Goverdhan',NULL,'2018-01-26 14:17:24','2018-01-26 14:17:24',NULL,NULL),('45390830-f3cc-421e-84be-d31dab3b1b0b','Vrindavan',NULL,'2018-01-26 14:17:29','2018-01-26 14:17:29',NULL,NULL),('c9927c72-de47-4ec0-ba30-cd0db3c35400','Ekachakra',NULL,'2018-01-26 14:17:10','2018-01-26 14:17:10',NULL,NULL),('f36e9c73-d8f4-4bfd-901d-2d2ac7b8a5e5','Jagannath',NULL,'2018-01-01 10:35:51','2018-01-01 10:38:26','string','string');

delete from `asrama-master` ;
INSERT INTO `asrama-master` VALUES ('56b94564-9237-402c-8fe7-7b5d95456749','Vanaprastha','Vanaprastha','2018-01-01 15:27:58','2018-01-01 15:38:26',NULL,NULL),('e608b870-cf32-4a14-8680-9e6046d07ce4','Brahmachari','Brahmachari','2018-01-01 15:27:58','2018-01-01 15:37:53',NULL,NULL),('eff83f8d-2ab3-4901-9fdc-c94372731694','Grihastha','Grihastha','2018-01-01 15:27:58','2018-01-01 15:38:07',NULL,NULL),('f94f80d1-c866-4a9d-9958-21f60962dc87','Sanyasi','Sanyasi','2018-01-01 15:27:58','2018-01-01 15:38:37',NULL,NULL);

delete from devotee;
INSERT INTO `devotee` (`id`,`legal-name`,`circle-id`,`spiritual-name`,`gender`,`shiksha-level`,`credit-limit`,`realm`,`username`,`password`,`email`,`emailVerified`,`verificationToken`,`created-on`,`updated-on`,`created-by`,`updated-by`,`access-id`,`gothra`,`nakshatra`,`government-unique-id`,`income-tax-id`,`lpm-id`,`kc-association-date`,`mother-tongue-language-id`) VALUES ('0518c7eb-aae7-496f-8732-4dfba69c6935',NULL,'f36e9c73-d8f4-4bfd-901d-2d2ac7b8a5e5','Balaji Gaura Dasa','1','d2d9ce87-8f1c-4848-a816-443fd92dbc8c',3000.00,NULL,'shettybalaji@hotmail.com',NULL,'shettybalaji@hotmail.com',NULL,NULL,'2018-01-26 15:14:15','2018-01-26 15:14:15',NULL,NULL,NULL,NULL,NULL,NULL,NULL,NULL,NULL,'e35a1dd6-b497-4c9a-aadf-ccb97af97711');
INSERT INTO `devotee` (`id`,`legal-name`,`circle-id`,`spiritual-name`,`gender`,`shiksha-level`,`credit-limit`,`realm`,`username`,`password`,`email`,`emailVerified`,`verificationToken`,`created-on`,`updated-on`,`created-by`,`updated-by`,`access-id`,`gothra`,`nakshatra`,`government-unique-id`,`income-tax-id`,`lpm-id`,`kc-association-date`,`mother-tongue-language-id`) VALUES ('0a1bacef-ff88-4a32-a76a-878275ef2d2a',NULL,'f36e9c73-d8f4-4bfd-901d-2d2ac7b8a5e5','SundarRupa Shyam Dasa',NULL,NULL,3000.00,NULL,'shyam.s.amarnath@live.in','$2a$10$P0nv4DU1bZbD2F415L9Vdut8oT3.Al7l5R.kMAcgxkZ8P2owNcxt2','shyam.s.amarnath@live.in',NULL,NULL,'2018-01-26 15:02:34','2018-01-26 15:02:34',NULL,NULL,NULL,NULL,NULL,NULL,NULL,NULL,NULL,'e35a1dd6-b497-4c9a-aadf-ccb97af97711');
INSERT INTO `devotee` (`id`,`legal-name`,`circle-id`,`spiritual-name`,`gender`,`shiksha-level`,`credit-limit`,`realm`,`username`,`password`,`email`,`emailVerified`,`verificationToken`,`created-on`,`updated-on`,`created-by`,`updated-by`,`access-id`,`gothra`,`nakshatra`,`government-unique-id`,`income-tax-id`,`lpm-id`,`kc-association-date`,`mother-tongue-language-id`) VALUES ('0ad008e4-1d35-4a4e-ae27-bc29f6cf7d48',NULL,'c9927c72-de47-4ec0-ba30-cd0db3c35400','Gopinath Pran Dasa',NULL,NULL,3000.00,NULL,'srigopinathpranadas@gmail.com','$2a$10$DqjIgF82.CZWHvq3gpddy.MqqpBpRR8736pO0IAgXloUWzwO2.YR6','srigopinathpranadas@gmail.com',NULL,NULL,'2018-01-26 15:04:29','2018-01-26 15:04:29',NULL,NULL,NULL,NULL,NULL,NULL,NULL,NULL,NULL,'db71d694-a432-47c3-bad5-80992b0ebb01');
INSERT INTO `devotee` (`id`,`legal-name`,`circle-id`,`spiritual-name`,`gender`,`shiksha-level`,`credit-limit`,`realm`,`username`,`password`,`email`,`emailVerified`,`verificationToken`,`created-on`,`updated-on`,`created-by`,`updated-by`,`access-id`,`gothra`,`nakshatra`,`government-unique-id`,`income-tax-id`,`lpm-id`,`kc-association-date`,`mother-tongue-language-id`) VALUES ('32d8d067-08b0-462e-92b1-68e48da9a82a','Sumit Upadhyay','c9927c72-de47-4ec0-ba30-cd0db3c35400',NULL,'1','5f61bb4f-1a9d-4a72-8144-85d3fd3d6bd3',3000.00,'string','sumitup80@gmail.com','$2a$10$V7YRzH0jAHk.GFC68OtfWOJPjDzA0YgC/.yGRk8bUOb4l5QCAIcwu','sumitup80@gmail.com',NULL,NULL,'2018-01-28 11:37:21','2018-01-28 16:54:30',NULL,NULL,NULL,NULL,NULL,NULL,NULL,NULL,NULL,'10abc1ea-2007-4ca7-9276-7febc13be081');
INSERT INTO `devotee` (`id`,`legal-name`,`circle-id`,`spiritual-name`,`gender`,`shiksha-level`,`credit-limit`,`realm`,`username`,`password`,`email`,`emailVerified`,`verificationToken`,`created-on`,`updated-on`,`created-by`,`updated-by`,`access-id`,`gothra`,`nakshatra`,`government-unique-id`,`income-tax-id`,`lpm-id`,`kc-association-date`,`mother-tongue-language-id`) VALUES ('333b095b-f232-428e-b2bb-8b337fafeb66',NULL,'2dc74711-57aa-46b5-8548-a40546993efc','Sivatma Govinda Dasa',NULL,NULL,3000.00,NULL,'shravanjps@gmail.com','$2a$10$65avfJQr1JVDdOMcmhhpYO9oyrb5yYh8vKDUvCxu44jWoQRozzU9a','shravanjps@gmail.com',NULL,NULL,'2018-01-26 15:04:52','2018-01-26 15:04:52',NULL,NULL,NULL,NULL,NULL,NULL,NULL,NULL,NULL,'e35a1dd6-b497-4c9a-aadf-ccb97af97711');
INSERT INTO `devotee` (`id`,`legal-name`,`circle-id`,`spiritual-name`,`gender`,`shiksha-level`,`credit-limit`,`realm`,`username`,`password`,`email`,`emailVerified`,`verificationToken`,`created-on`,`updated-on`,`created-by`,`updated-by`,`access-id`,`gothra`,`nakshatra`,`government-unique-id`,`income-tax-id`,`lpm-id`,`kc-association-date`,`mother-tongue-language-id`) VALUES ('3db35f39-8f62-4178-8993-fca4959536d7','Rajendra K','f36e9c73-d8f4-4bfd-901d-2d2ac7b8a5e5','Rasaraj Shyamsundar Dasa','M','d2d9ce87-8f1c-4848-a816-443fd92dbc8c',3000.00,'','hairajendra@gmail.com','$2a$10$zFrX6zpTaxdZfn/HfQps3.951gSH83GczrbKJinm7IVDglKwaWvL.','hairajendra@gmail.com',0,'','2018-01-01 15:12:38','2018-01-16 09:51:51','string','string','string','string','string','string','string','string','2018-01-01','e35a1dd6-b497-4c9a-aadf-ccb97af97711');
INSERT INTO `devotee` (`id`,`legal-name`,`circle-id`,`spiritual-name`,`gender`,`shiksha-level`,`credit-limit`,`realm`,`username`,`password`,`email`,`emailVerified`,`verificationToken`,`created-on`,`updated-on`,`created-by`,`updated-by`,`access-id`,`gothra`,`nakshatra`,`government-unique-id`,`income-tax-id`,`lpm-id`,`kc-association-date`,`mother-tongue-language-id`) VALUES ('6247a6b7-7dc2-47f1-b7f8-60f67b8a9e37',NULL,'c9927c72-de47-4ec0-ba30-cd0db3c35400','Dayamaya Baldev Dasa','1','d2d9ce87-8f1c-4848-a816-443fd92dbc8c',3000.00,NULL,'devan05@rediffmail.com',NULL,'devan05@rediffmail.com',NULL,NULL,'2018-01-26 15:19:25','2018-01-26 15:19:25',NULL,NULL,NULL,NULL,NULL,NULL,NULL,NULL,NULL,'db71d694-a432-47c3-bad5-80992b0ebb01');
INSERT INTO `devotee` (`id`,`legal-name`,`circle-id`,`spiritual-name`,`gender`,`shiksha-level`,`credit-limit`,`realm`,`username`,`password`,`email`,`emailVerified`,`verificationToken`,`created-on`,`updated-on`,`created-by`,`updated-by`,`access-id`,`gothra`,`nakshatra`,`government-unique-id`,`income-tax-id`,`lpm-id`,`kc-association-date`,`mother-tongue-language-id`) VALUES ('66424f76-ce14-4cf0-94da-7c23076695f0','IT Admin ',NULL,NULL,'M',NULL,3000.00,NULL,'it@iskconculturalcentre.com','$2a$10$oj6xqPh5/F05EWob9sqD4.0TtJnozMEQOqFP1loKxvPWIYYpmzmP.','it@iskconculturalcentre.com',NULL,NULL,'2018-01-20 04:56:57','2018-01-20 04:56:57',NULL,NULL,NULL,NULL,NULL,NULL,NULL,NULL,NULL,'e35a1dd6-b497-4c9a-aadf-ccb97af97711');
INSERT INTO `devotee` (`id`,`legal-name`,`circle-id`,`spiritual-name`,`gender`,`shiksha-level`,`credit-limit`,`realm`,`username`,`password`,`email`,`emailVerified`,`verificationToken`,`created-on`,`updated-on`,`created-by`,`updated-by`,`access-id`,`gothra`,`nakshatra`,`government-unique-id`,`income-tax-id`,`lpm-id`,`kc-association-date`,`mother-tongue-language-id`) VALUES ('c9b642b8-b559-447a-933c-c48edbc4f7d5',NULL,'25067975-fcaa-4e80-959c-433f11b64989','Ashok Gaura Dasa',NULL,NULL,3000.00,NULL,'ankush.joshi@gmail.com','$2a$10$t3rrcoEajuxfaXN0wDRdQOC8xtVco/L2uCzK1u409TYjUjt0OJHUK','ankush.joshi@gmail.com',NULL,NULL,'2018-01-26 15:05:25','2018-01-26 15:05:25',NULL,NULL,NULL,NULL,NULL,NULL,NULL,NULL,NULL,'db71d694-a432-47c3-bad5-80992b0ebb01');
INSERT INTO `devotee` (`id`,`legal-name`,`circle-id`,`spiritual-name`,`gender`,`shiksha-level`,`credit-limit`,`realm`,`username`,`password`,`email`,`emailVerified`,`verificationToken`,`created-on`,`updated-on`,`created-by`,`updated-by`,`access-id`,`gothra`,`nakshatra`,`government-unique-id`,`income-tax-id`,`lpm-id`,`kc-association-date`,`mother-tongue-language-id`) VALUES ('ce7f3663-9d8e-48cc-9990-ed0516c17bd7',NULL,'45390830-f3cc-421e-84be-d31dab3b1b0b','Pramod Nitai Dasa',NULL,NULL,3000.00,NULL,'pramodnjps@gmail.com','$2a$10$NZGdH/.yLorxTMvN/ms3U.NGa.zjvUxs1n6388/ISK1A59hy7agFq','pramodnjps@gmail.com',NULL,NULL,'2018-01-26 15:05:45','2018-01-26 15:05:45',NULL,NULL,NULL,NULL,NULL,NULL,NULL,NULL,NULL,'e35a1dd6-b497-4c9a-aadf-ccb97af97711');
INSERT INTO `devotee` (`id`,`legal-name`,`circle-id`,`spiritual-name`,`gender`,`shiksha-level`,`credit-limit`,`realm`,`username`,`password`,`email`,`emailVerified`,`verificationToken`,`created-on`,`updated-on`,`created-by`,`updated-by`,`access-id`,`gothra`,`nakshatra`,`government-unique-id`,`income-tax-id`,`lpm-id`,`kc-association-date`,`mother-tongue-language-id`) VALUES ('ee398ab7-be39-4669-ae0a-c370ef66e59e',NULL,'c9927c72-de47-4ec0-ba30-cd0db3c35400','GauraChandra Gopinath Dasa',NULL,NULL,3000.00,NULL,'rlgopinath@gmail.com','$2a$10$oeisww3J9O1W.nwlUJMr3uG2NY8mm3A0s9JiQr/5CuKAhNlJyikW6','rlgopinath@gmail.com',NULL,NULL,'2018-01-26 15:06:23','2018-01-26 15:06:23',NULL,NULL,NULL,NULL,NULL,NULL,NULL,NULL,NULL,'e35a1dd6-b497-4c9a-aadf-ccb97af97711');
INSERT INTO `devotee` (`id`, `legal-name`, `spiritual-name`, `gender`, `shiksha-level`, `credit-limit`, `username`, `password`, `email`, `mother-tongue-language-id`) VALUES ('05241492-1243-11e8-94e8-d4bed99b600a', 'Rengarajan', 'Rukmini Rangakrishna Dasa', 'M', 'd2d9ce87-8f1c-4848-a816-443fd92dbc8c', '3000', 'renga.r@gmail.com', '$2a$10$zFrX6zpTaxdZfn/HfQps3.951gSH83GczrbKJinm7IVDglKwaWvL.', 'renga.r@gmail.com', '5ad543b6-13cd-4dae-8df0-de14dbcf6dfb');


delete from `donation-type-master`;
INSERT INTO `donation-type-master` VALUES ('04efbd28-3a50-45bd-ad8f-c4824506c434','Anna Dhaan Dhaan','2018-01-01 15:28:05','2018-01-02 03:04:43','string','string'),('5a044cc5-b21a-4175-bdd2-119484d126e1','Nithya Seva','2018-01-01 15:28:05','2018-01-02 03:02:53','string','string'),('a1da6211-8046-46d8-a106-05a3b595858c','Shaastra Dhaan','2018-01-01 15:28:05','2018-01-02 03:04:34','string','string'),('ba0b76d1-b4cc-4a2f-ae45-76a2f3e1cd9d','Adhoc','2018-01-01 15:28:05','2018-01-02 03:05:21','string','string'),('dee23c71-a461-4530-8845-4b22793da10d','Festival','2018-01-01 15:28:05','2018-01-02 03:03:47','string','string');

delete from `electronic-address-type-master`;
INSERT INTO `electronic-address-type-master` VALUES ('1e7f6949-148e-4806-be05-8575347b6916','Fax','2018-01-01 15:43:26','2018-01-01 15:43:26','string','string'),('8a0ea8d4-cbc2-4c94-a371-ffc3cb653d78','Email','2018-01-01 15:42:12','2018-01-01 15:42:12','string','string'),('8b936cc8-76f4-46e8-a82d-74429514302e','MobilePhone','2018-01-01 15:43:19','2018-01-01 15:43:19','string','string'),('f030ca89-a947-4d62-b4f7-8bf2fbd2e424','LandPhone','2018-01-01 15:43:14','2018-01-01 15:43:14','string','string');

delete from `festival-master`;
INSERT INTO `festival-master` VALUES ('2728ba73-bd72-4e3c-8ff2-beafaae1ca31','Nithyananda Tryodasi','2018-01-01 15:28:07','2018-01-01 15:45:10',NULL,NULL),('a2b5b701-c4cd-45be-83d2-91d1a8281bfd','Sunday Feast','2018-01-01 15:28:07','2018-01-01 15:45:32',NULL,NULL),('bb7d54d7-4c69-45b9-9671-24283c4b1b8b','Goverdhana Puja','2018-01-01 15:28:07','2018-01-01 15:45:20',NULL,NULL),('cd2af549-1f9f-4890-a957-fab0157e423b','Vaikunta Ekadashi','2018-01-01 15:28:07','2018-01-01 15:44:43',NULL,NULL),('da5c0085-2f5f-4841-bd90-4bef1625f67b','Gaura Purnima','2018-01-01 15:28:07','2018-01-01 15:44:57',NULL,NULL),('ec585a83-f316-42af-a7a3-bf4c89667e21','Sri Krishna Janmashtami','2018-01-01 15:28:07','2018-01-01 15:44:32',NULL,NULL);

delete from `language`;
INSERT INTO `language` VALUES ('02720062-0c75-432d-9e3b-4bdba7f38288','Bengali','2018-01-01 15:12:47','2018-01-01 15:16:03',NULL,NULL),('10abc1ea-2007-4ca7-9276-7febc13be081','Hindi','2018-01-01 15:12:47','2018-01-01 15:15:23',NULL,NULL),('42104447-0438-4d56-9f7d-fc7ee2179cd2','Gujarati','2018-01-01 15:12:47','2018-01-01 15:16:22',NULL,NULL),('5ad543b6-13cd-4dae-8df0-de14dbcf6dfb','Tamil','2018-01-01 15:12:47','2018-01-01 15:15:53',NULL,NULL),('ad495540-b63e-40bf-b3a7-cd38d8d1d193','Oriya','2018-01-01 15:12:47','2018-01-01 15:16:15',NULL,NULL),('bc21c48b-e614-4fc5-9cb2-4b383393370d','Malayalam','2018-01-01 15:12:47','2018-01-01 15:15:59',NULL,NULL),('db71d694-a432-47c3-bad5-80992b0ebb01','Kannada','2018-01-01 15:12:47','2018-01-01 15:15:36',NULL,NULL),('e35a1dd6-b497-4c9a-aadf-ccb97af97711','Telugu','2018-01-01 15:12:47','2018-01-01 15:15:48',NULL,NULL),('fe9c9d81-e016-4281-b768-49f41ee44852','English','2018-01-01 15:12:47','2018-01-01 15:15:31',NULL,NULL);

delete from `payment-mode-master`;
INSERT INTO `payment-mode-master` VALUES ('29cb0653-ed47-4dbc-9992-ba31753a07f6','Cash','Cash','2018-01-01 15:28:16','2018-01-02 03:11:25',NULL,NULL),('7cd1afef-beac-4813-a55d-d6d6f6b66c09','Coupon','Coupon','2018-01-01 15:28:16','2018-01-02 03:12:01',NULL,NULL),('e2136d35-c075-4490-8da6-b1c44d254e6d','Cheque','Cheque','2018-01-01 15:28:16','2018-01-02 03:11:12',NULL,NULL),('f0946428-4d2a-4f06-b590-5d96f8a77d66','Card','Card','2018-01-01 15:28:16','2018-01-02 03:11:46',NULL,NULL);

delete from `physical-address-type-master`;
INSERT INTO `physical-address-type-master` VALUES ('3ee0efce-5ce3-4bd4-95a1-cd5a91b03d58','Office Address','2018-01-01 15:28:17','2018-01-02 03:14:03','string','string'),('4aaa671d-04de-4a4b-83f9-44685145249c','Permanent Address','2018-01-01 15:28:17','2018-01-02 03:13:49','string','string'),('af635b05-bf47-4d89-8edf-1f5515722c27','Residential Address - Current','2018-01-01 15:28:17','2018-01-02 03:13:57','string','string');

delete from `relationship-master`;
INSERT INTO `relationship-master` VALUES ('2041234b-6764-4186-9112-c6262c336ce0','Grand Daughter','2018-01-01 15:28:18','2018-01-02 02:53:55','Seed','Seed'),('547f6cd7-0494-453d-af77-5f02edcc453a','Grand Son','2018-01-01 15:28:18','2018-01-02 02:53:51','Seed','Seed'),('5f90180b-326f-4411-9c6e-48372b2b3236','Daughter','2018-01-01 15:28:18','2018-01-02 02:51:48','Seed','Seed'),('6cbb55af-4bf0-4bd3-abc5-75a34aec9cc8','Father','2018-01-01 15:28:18','2018-01-02 02:50:19','Seed','Seed'),('6e3f6999-a7b2-458c-b2e1-e08176deb4f1','Grand Mother','2018-01-01 15:28:18','2018-01-02 02:51:37','Seed','Seed'),('8bfa9af1-7f05-489f-9976-ea7ae499fc18','Brother','2018-01-01 15:28:18','2018-01-02 02:51:53','Seed','Seed'),('8d9d1d96-b1ff-428e-8e13-42e691b14e49','Grand Father','2018-01-01 15:28:18','2018-01-02 02:51:33','Seed','Seed'),('ad9d1b47-53de-4904-9bbd-a6837ed05d59','Sister','2018-01-01 15:28:18','2018-01-02 02:51:59','Seed','Seed'),('b8e02c55-cf93-4b63-a795-a3cafe6a9f12','Mother','2018-01-01 15:28:18','2018-01-02 02:51:25','Seed','Seed'),('e55dd46c-2b80-4a14-a847-284237e681fe','Son','2018-01-01 15:28:18','2018-01-02 02:51:44','Seed','Seed');

delete from `spiritual-level-master`;
INSERT INTO `spiritual-level-master` VALUES ('394296e2-4db2-48f0-8c76-c5b17885837b','0','Guru Ashraya','2017-11-10 16:27:08','2017-11-10 16:27:08',NULL,NULL),('5f61bb4f-1a9d-4a72-8144-85d3fd3d6bd3','-1','Aspiring','2017-11-10 16:26:54','2017-11-10 16:26:54',NULL,NULL),('8ab6fd72-81c6-4da9-9be1-2c7b4a888542','-2','Curious','2017-11-10 16:26:43','2017-11-10 16:26:43',NULL,NULL),('913fd405-752b-4779-9ea7-80a29ce83398','2','Second Initiated','2017-11-10 16:27:27','2017-11-10 16:27:27',NULL,NULL),('d2d9ce87-8f1c-4848-a816-443fd92dbc8c','1','First Initiated','2017-11-10 16:27:20','2017-11-10 16:27:20',NULL,NULL);

delete from `temple`;
INSERT INTO `temple` VALUES ('4ee2d7f5-9f3b-4add-986a-7f1d5658509a','ISKCON Cultural Centre','string','SundarRupa Shyam Dasa','2018-01-01 15:28:20','2018-01-02 03:41:57','string','string',NULL);

delete from `service-role`;
INSERT INTO `service-role` (`id`,`name`,`description`,`created`,`modified`,`created-on`,`updated-on`,`created-by`,`updated-by`) VALUES ('093249d2-438f-43af-b0d3-eef9bc3a1195','FestivalCoordination-Management','FestivalCoordination- Management',NULL,NULL,'2018-01-26 15:28:53','2018-01-26 15:28:53',NULL,NULL);
INSERT INTO `service-role` (`id`,`name`,`description`,`created`,`modified`,`created-on`,`updated-on`,`created-by`,`updated-by`) VALUES ('106fee1d-efc2-4bfa-bc98-a930513d0a85','IT-Operations','Information Technology - Operations',NULL,NULL,'2018-01-26 15:23:23','2018-01-26 15:23:23',NULL,NULL);
INSERT INTO `service-role` (`id`,`name`,`description`,`created`,`modified`,`created-on`,`updated-on`,`created-by`,`updated-by`) VALUES ('1378bfc0-0af1-452a-affb-3a7a6ab9c55d','KrishnaKingdom-Operations','Krishna Kingdom - Operations',NULL,NULL,'2018-01-26 15:26:53','2018-01-26 15:26:53',NULL,NULL);
INSERT INTO `service-role` (`id`,`name`,`description`,`created`,`modified`,`created-on`,`updated-on`,`created-by`,`updated-by`) VALUES ('1438fff3-ef46-47e8-b842-a27ddc35ab57','Sharanya-Management','Sharanya - Management',NULL,NULL,'2018-01-26 15:33:54','2018-01-26 15:33:54',NULL,NULL);
INSERT INTO `service-role` (`id`,`name`,`description`,`created`,`modified`,`created-on`,`updated-on`,`created-by`,`updated-by`) VALUES ('1439f1aa-9000-40e3-b549-e1da07929afc','Matrimony-Operations','Matrimony - Operations',NULL,NULL,'2018-01-26 15:34:12','2018-01-26 15:34:12',NULL,NULL);
INSERT INTO `service-role` (`id`,`name`,`description`,`created`,`modified`,`created-on`,`updated-on`,`created-by`,`updated-by`) VALUES ('183a07e5-14c0-472f-a36b-5cbf8c6d430a','CommsPrinting-Management','CommsPrinting - Management',NULL,NULL,'2018-01-26 15:27:57','2018-01-26 15:27:57',NULL,NULL);
INSERT INTO `service-role` (`id`,`name`,`description`,`created`,`modified`,`created-on`,`updated-on`,`created-by`,`updated-by`) VALUES ('1ad9123f-e6a5-44ee-8185-dd02756098e0','GuestRelation-Operations','GuestRelation- Operations',NULL,NULL,'2018-01-26 15:24:40','2018-01-26 15:24:40',NULL,NULL);
INSERT INTO `service-role` (`id`,`name`,`description`,`created`,`modified`,`created-on`,`updated-on`,`created-by`,`updated-by`) VALUES ('1f99dd63-cb1b-4502-a39f-ed9eb1ccfcaf','PublicRelations-Manager','Public Relations - Manager',NULL,NULL,'2018-01-26 15:22:42','2018-01-26 15:22:42',NULL,NULL);
INSERT INTO `service-role` (`id`,`name`,`description`,`created`,`modified`,`created-on`,`updated-on`,`created-by`,`updated-by`) VALUES ('2897a4cf-1201-11e8-94e8-d4bed99b600a','MatchlessGifts-Operations','Matchless Gifts - Operations',NULL,NULL,'2018-01-26 15:30:50','2018-01-26 15:30:50',NULL,NULL);
INSERT INTO `service-role` (`id`,`name`,`description`,`created`,`modified`,`created-on`,`updated-on`,`created-by`,`updated-by`) VALUES ('2fbb89fa-2b61-4b78-861a-4e3c5adf966b','Maintenance-Operations','Maintenance- Operations',NULL,NULL,'2018-01-26 15:25:17','2018-01-26 15:25:17',NULL,NULL);
INSERT INTO `service-role` (`id`,`name`,`description`,`created`,`modified`,`created-on`,`updated-on`,`created-by`,`updated-by`) VALUES ('34b8e5a3-4a7d-4acd-8c9f-da7e2a8f9d23','Education-Management','Education - Management',NULL,NULL,'2018-01-26 15:23:55','2018-01-26 15:23:55',NULL,NULL);
INSERT INTO `service-role` (`id`,`name`,`description`,`created`,`modified`,`created-on`,`updated-on`,`created-by`,`updated-by`) VALUES ('3b60d4df-dfd5-4165-8114-1f2a6a063c21','Matrimony-Management','Matrimony - Management',NULL,NULL,'2018-01-26 15:34:04','2018-01-26 15:34:04',NULL,NULL);
INSERT INTO `service-role` (`id`,`name`,`description`,`created`,`modified`,`created-on`,`updated-on`,`created-by`,`updated-by`) VALUES ('3e711585-9330-4bb4-83c6-6a7b410c44b4','DevoteeCare-Operations','Devotee Care - Operations',NULL,NULL,'2018-01-26 15:26:25','2018-01-26 15:26:25',NULL,NULL);
INSERT INTO `service-role` (`id`,`name`,`description`,`created`,`modified`,`created-on`,`updated-on`,`created-by`,`updated-by`) VALUES ('3ffc0ae7-84b6-41ba-829c-6d1292f2dc15','Deity-Management','Deity - Management',NULL,NULL,'2018-01-26 15:25:49','2018-01-26 15:25:49',NULL,NULL);
INSERT INTO `service-role` (`id`,`name`,`description`,`created`,`modified`,`created-on`,`updated-on`,`created-by`,`updated-by`) VALUES ('427522f0-4e59-4ca3-b9d5-546d85b7f757','Education-Operations','Education - Operations',NULL,NULL,'2018-01-26 15:24:03','2018-01-26 15:24:03',NULL,NULL);
INSERT INTO `service-role` (`id`,`name`,`description`,`created`,`modified`,`created-on`,`updated-on`,`created-by`,`updated-by`) VALUES ('436ae0eb-e269-4b42-b06c-41499c1584c0','Finance-Management','Finance - Management',NULL,NULL,'2018-01-26 15:28:36','2018-01-26 15:28:36',NULL,NULL);
INSERT INTO `service-role` (`id`,`name`,`description`,`created`,`modified`,`created-on`,`updated-on`,`created-by`,`updated-by`) VALUES ('524a7068-0261-4fc7-8dee-b135819d8cbe','Kitchen-Management','Kitchen - Management',NULL,NULL,'2018-01-26 15:31:12','2018-01-26 15:31:12',NULL,NULL);
INSERT INTO `service-role` (`id`,`name`,`description`,`created`,`modified`,`created-on`,`updated-on`,`created-by`,`updated-by`) VALUES ('56467b09-3708-4d46-843a-41df2f9d8dd9','Kitchen-Operations','Kitchen - Operations',NULL,NULL,'2018-01-26 15:31:05','2018-01-26 15:31:05',NULL,NULL);
INSERT INTO `service-role` (`id`,`name`,`description`,`created`,`modified`,`created-on`,`updated-on`,`created-by`,`updated-by`) VALUES ('572c6782-3a77-4aab-92ea-a9f184bf4817','PrasadamDistribution-Operations','Prasadam Distribution - Operations',NULL,NULL,'2018-01-26 15:31:37','2018-01-26 15:31:37',NULL,NULL);
INSERT INTO `service-role` (`id`,`name`,`description`,`created`,`modified`,`created-on`,`updated-on`,`created-by`,`updated-by`) VALUES ('61d269c6-1201-11e8-94e8-d4bed99b600a','MatchlessGifts-Management','Matchless Gifts - Management',NULL,NULL,'2018-01-26 15:30:50','2018-01-26 15:30:50',NULL,NULL);
INSERT INTO `service-role` (`id`,`name`,`description`,`created`,`modified`,`created-on`,`updated-on`,`created-by`,`updated-by`) VALUES ('647fb0db-1155-4489-bb64-071ff9f6df91','DevoteeCare-Management','Devotee Care - Management',NULL,NULL,'2018-01-26 15:26:08','2018-01-26 15:26:08',NULL,NULL);
INSERT INTO `service-role` (`id`,`name`,`description`,`created`,`modified`,`created-on`,`updated-on`,`created-by`,`updated-by`) VALUES ('65517797-613a-4e02-834c-cbd95b204b4e','FestivalCoordination-Operations','FestivalCoordination- Operations',NULL,NULL,'2018-01-26 15:29:01','2018-01-26 15:29:01',NULL,NULL);
INSERT INTO `service-role` (`id`,`name`,`description`,`created`,`modified`,`created-on`,`updated-on`,`created-by`,`updated-by`) VALUES ('655bcaa6-cfb8-4473-b2d7-901bb8161f24','Deity-Operations','Deity - Operations',NULL,NULL,'2018-01-26 15:25:31','2018-01-26 15:25:31',NULL,NULL);
INSERT INTO `service-role` (`id`,`name`,`description`,`created`,`modified`,`created-on`,`updated-on`,`created-by`,`updated-by`) VALUES ('7965dc66-79bd-464c-9c5e-763511febf95','ServiceAllocation-Operations','ServiceAllocation - Operations',NULL,NULL,'2018-01-26 15:33:31','2018-01-26 15:33:31',NULL,NULL);
INSERT INTO `service-role` (`id`,`name`,`description`,`created`,`modified`,`created-on`,`updated-on`,`created-by`,`updated-by`) VALUES ('8948e5ec-e669-49e7-b4d8-8a4d70a1f2d7','PrasadamDistribution-Management','Prasadam Distribution - Management',NULL,NULL,'2018-01-26 15:31:31','2018-01-26 15:31:31',NULL,NULL);
INSERT INTO `service-role` (`id`,`name`,`description`,`created`,`modified`,`created-on`,`updated-on`,`created-by`,`updated-by`) VALUES ('9040c7ed-bf41-4101-a599-d1e9b09873ba','KrishnaKingdom-Management','Krishna Kingdom - Management',NULL,NULL,'2018-01-26 15:26:59','2018-01-26 15:26:59',NULL,NULL);
INSERT INTO `service-role` (`id`,`name`,`description`,`created`,`modified`,`created-on`,`updated-on`,`created-by`,`updated-by`) VALUES ('94a25ab8-7cb5-4c73-9bb5-8fb511f67c9a','YatraTours-Mangement','YatraTours- Mangement',NULL,NULL,'2018-01-26 15:30:38','2018-01-26 15:30:38',NULL,NULL);
INSERT INTO `service-role` (`id`,`name`,`description`,`created`,`modified`,`created-on`,`updated-on`,`created-by`,`updated-by`) VALUES ('963abea5-1068-478d-b9e8-aa4c3794d075','YatraTours-Operations','YatraTours - Operations',NULL,NULL,'2018-01-26 15:30:50','2018-01-26 15:30:50',NULL,NULL);
INSERT INTO `service-role` (`id`,`name`,`description`,`created`,`modified`,`created-on`,`updated-on`,`created-by`,`updated-by`) VALUES ('975541cf-dafe-4f95-9daa-2f9980de0cbb','Maintenance-Management','Maintenance- Management',NULL,NULL,'2018-01-26 15:25:06','2018-01-26 15:25:06',NULL,NULL);
INSERT INTO `service-role` (`id`,`name`,`description`,`created`,`modified`,`created-on`,`updated-on`,`created-by`,`updated-by`) VALUES ('97be9869-3aff-429b-af51-761b8805afe3','Kirtan-Management','Kirtan - Management',NULL,NULL,'2018-01-26 15:32:42','2018-01-26 15:32:42',NULL,NULL);
INSERT INTO `service-role` (`id`,`name`,`description`,`created`,`modified`,`created-on`,`updated-on`,`created-by`,`updated-by`) VALUES ('9883cef7-371b-44a0-8e63-54a98d8a897d','SundayFeast-Management','SundayFeast - Management',NULL,NULL,'2018-01-26 15:32:04','2018-01-26 15:32:04',NULL,NULL);
INSERT INTO `service-role` (`id`,`name`,`description`,`created`,`modified`,`created-on`,`updated-on`,`created-by`,`updated-by`) VALUES ('9dfbd3d6-9bf8-4712-91d8-64ad87159b06','IT-Management','Information Technology - Management',NULL,NULL,'2018-01-26 15:23:33','2018-01-26 15:23:33',NULL,NULL);
INSERT INTO `service-role` (`id`,`name`,`description`,`created`,`modified`,`created-on`,`updated-on`,`created-by`,`updated-by`) VALUES ('adb91fec-0bb8-466d-b884-53727c3eea12','VisitorCAre-Operations','VisitorCAre- Operations',NULL,NULL,'2018-01-26 15:30:18','2018-01-26 15:30:18',NULL,NULL);
INSERT INTO `service-role` (`id`,`name`,`description`,`created`,`modified`,`created-on`,`updated-on`,`created-by`,`updated-by`) VALUES ('b40bf8c7-39b5-4197-ba5c-754dc15c4d62','VisitorCAre-Mangement','VisitorCAre- Mangement',NULL,NULL,'2018-01-26 15:30:24','2018-01-26 15:30:24',NULL,NULL);
INSERT INTO `service-role` (`id`,`name`,`description`,`created`,`modified`,`created-on`,`updated-on`,`created-by`,`updated-by`) VALUES ('b87d2aa8-de3c-4148-a1bb-7ca01856d6c7','CommsPrinting-Operations','CommsPrinting - Operations',NULL,NULL,'2018-01-26 15:28:07','2018-01-26 15:28:07',NULL,NULL);
INSERT INTO `service-role` (`id`,`name`,`description`,`created`,`modified`,`created-on`,`updated-on`,`created-by`,`updated-by`) VALUES ('c22280c9-6e7c-4735-8e12-f70509e5bbb4','Sharanya-Operations','Sharanya - Operations',NULL,NULL,'2018-01-26 15:33:46','2018-01-26 15:33:46',NULL,NULL);
INSERT INTO `service-role` (`id`,`name`,`description`,`created`,`modified`,`created-on`,`updated-on`,`created-by`,`updated-by`) VALUES ('cdb5fbf8-0bcf-4009-a2cf-af2fd7bcb0b8','Kirtan-Operations','Kirtan - Operations',NULL,NULL,'2018-01-26 15:32:37','2018-01-26 15:32:37',NULL,NULL);
INSERT INTO `service-role` (`id`,`name`,`description`,`created`,`modified`,`created-on`,`updated-on`,`created-by`,`updated-by`) VALUES ('ce1a27be-9e81-49b5-93cb-a27a7c6ad8eb','SundayFeast-Operations','SundayFeast - Operations',NULL,NULL,'2018-01-26 15:31:57','2018-01-26 15:31:57',NULL,NULL);
INSERT INTO `service-role` (`id`,`name`,`description`,`created`,`modified`,`created-on`,`updated-on`,`created-by`,`updated-by`) VALUES ('ddbea48f-c583-4464-879e-dd813b211bd5','Finance-Operations','Finance- Operations',NULL,NULL,'2018-01-26 15:28:25','2018-01-26 15:28:25',NULL,NULL);
INSERT INTO `service-role` (`id`,`name`,`description`,`created`,`modified`,`created-on`,`updated-on`,`created-by`,`updated-by`) VALUES ('e12b120c-9034-4c2e-9fba-04351d72502b','GuestRelation-Management','GuestRelation- Management',NULL,NULL,'2018-01-26 15:24:50','2018-01-26 15:24:50',NULL,NULL);
INSERT INTO `service-role` (`id`,`name`,`description`,`created`,`modified`,`created-on`,`updated-on`,`created-by`,`updated-by`) VALUES ('e1967723-f867-4aa6-894e-91db93e98cea','PublicRelations-Operations','Public Relations - Operations',NULL,NULL,'2018-01-26 15:22:57','2018-01-26 15:22:57',NULL,NULL);
INSERT INTO `service-role` (`id`,`name`,`description`,`created`,`modified`,`created-on`,`updated-on`,`created-by`,`updated-by`) VALUES ('f5425e4c-d715-4ba2-b3f0-cee4932c6581','admin','IT Administrator',NULL,NULL,'2018-01-17 10:21:47','2018-01-17 10:21:47',NULL,NULL);
INSERT INTO `service-role` (`id`,`name`,`description`,`created`,`modified`,`created-on`,`updated-on`,`created-by`,`updated-by`) VALUES ('f618e3cd-5b4c-4b58-a5bd-cd8de37549ec','ServiceAllocation-Management','ServiceAllocation-Management',NULL,NULL,'2018-01-26 15:30:50','2018-01-26 15:30:50',NULL,NULL);

delete from `service-role-mapping`;
INSERT INTO `service-role-mapping` (`id`,`principal-type`,`principal-id`,`role-id`,`created-on`,`updated-on`,`created-by`,`updated-by`) VALUES ('21f377ba-2a38-4996-a191-88f782cfc401','USER','3db35f39-8f62-4178-8993-fca4959536d7','9dfbd3d6-9bf8-4712-91d8-64ad87159b06','2018-01-19 03:01:05','2018-01-19 03:04:27',NULL,NULL);
INSERT INTO `service-role-mapping` (`id`,`principal-type`,`principal-id`,`role-id`,`created-on`,`updated-on`,`created-by`,`updated-by`) VALUES ('2d6ebfc4-10a1-11e8-b4b8-d4bed99b600a','USER','3db35f39-8f62-4178-8993-fca4959536d7','093249d2-438f-43af-b0d3-eef9bc3a1195',NULL,NULL,NULL,NULL);
INSERT INTO `service-role-mapping` (`id`,`principal-type`,`principal-id`,`role-id`,`created-on`,`updated-on`,`created-by`,`updated-by`) VALUES ('4ce6445b-1200-11e8-94e8-d4bed99b600a','USER','32d8d067-08b0-462e-92b1-68e48da9a82a','9dfbd3d6-9bf8-4712-91d8-64ad87159b06','2018-01-19 03:01:05','2018-01-19 03:04:27',NULL,NULL);
INSERT INTO `service-role-mapping` (`id`,`principal-type`,`principal-id`,`role-id`,`created-on`,`updated-on`,`created-by`,`updated-by`) VALUES ('8f0595e5-1201-11e8-94e8-d4bed99b600a','USER','32d8d067-08b0-462e-92b1-68e48da9a82a','61d269c6-1201-11e8-94e8-d4bed99b600a','2018-01-19 03:01:05','2018-01-19 03:04:27',NULL,NULL);
INSERT INTO `service-role-mapping` (`id`,`principal-type`,`principal-id`,`role-id`,`created-on`,`updated-on`,`created-by`,`updated-by`) VALUES ('beb6b4da-1201-11e8-94e8-d4bed99b600a','USER','3db35f39-8f62-4178-8993-fca4959536d7','61d269c6-1201-11e8-94e8-d4bed99b600a','2018-01-19 03:01:05','2018-01-19 03:04:27',NULL,NULL);
INSERT INTO `service-role-mapping` (`id`, `principal-type`, `principal-id`, `role-id`) VALUES ('b580e31e-1243-11e8-94e8-d4bed99b600a', 'USER', '05241492-1243-11e8-94e8-d4bed99b600a', '61d269c6-1201-11e8-94e8-d4bed99b600a');


delete from `department`;
INSERT INTO `department` (`id`,`temple-id`,`department-name`,`department-leader-devotee-id`,`icon`,`route`,`created-on`,`updated-on`,`created-by`,`updated-by`) VALUES ('05751ada-02a2-11e8-929a-00505695313b','4ee2d7f5-9f3b-4add-986a-7f1d5658509a','Temple Inmates','3db35f39-8f62-4178-8993-fca4959536d7',NULL,'templeInmates',NULL,NULL,NULL,NULL);
INSERT INTO `department` (`id`,`temple-id`,`department-name`,`department-leader-devotee-id`,`icon`,`route`,`created-on`,`updated-on`,`created-by`,`updated-by`) VALUES ('15b8b355-02a2-11e8-929a-00505695313b','4ee2d7f5-9f3b-4add-986a-7f1d5658509a','Communications','0a1bacef-ff88-4a32-a76a-878275ef2d2a','print','comms',NULL,NULL,NULL,NULL);
INSERT INTO `department` (`id`,`temple-id`,`department-name`,`department-leader-devotee-id`,`icon`,`route`,`created-on`,`updated-on`,`created-by`,`updated-by`) VALUES ('19f1bff4-02a2-11e8-929a-00505695313b','4ee2d7f5-9f3b-4add-986a-7f1d5658509a','Sunday Feast','3db35f39-8f62-4178-8993-fca4959536d7',NULL,'sundayFeast',NULL,NULL,NULL,NULL);
INSERT INTO `department` (`id`,`temple-id`,`department-name`,`department-leader-devotee-id`,`icon`,`route`,`created-on`,`updated-on`,`created-by`,`updated-by`) VALUES ('1e09c536-02a2-11e8-929a-00505695313b','4ee2d7f5-9f3b-4add-986a-7f1d5658509a','Prasadam Distribution','3db35f39-8f62-4178-8993-fca4959536d7',NULL,'prasadamDistribution',NULL,NULL,NULL,NULL);
INSERT INTO `department` (`id`,`temple-id`,`department-name`,`department-leader-devotee-id`,`icon`,`route`,`created-on`,`updated-on`,`created-by`,`updated-by`) VALUES ('21885db6-02a2-11e8-929a-00505695313b','4ee2d7f5-9f3b-4add-986a-7f1d5658509a','General Visitor Care','3db35f39-8f62-4178-8993-fca4959536d7',NULL,'visitorCare',NULL,NULL,NULL,NULL);
INSERT INTO `department` (`id`,`temple-id`,`department-name`,`department-leader-devotee-id`,`icon`,`route`,`created-on`,`updated-on`,`created-by`,`updated-by`) VALUES ('264d12e2-02a2-11e8-929a-00505695313b','4ee2d7f5-9f3b-4add-986a-7f1d5658509a','Yatra Tours','3db35f39-8f62-4178-8993-fca4959536d7',NULL,'yatraTours',NULL,NULL,NULL,NULL);
INSERT INTO `department` (`id`,`temple-id`,`department-name`,`department-leader-devotee-id`,`icon`,`route`,`created-on`,`updated-on`,`created-by`,`updated-by`) VALUES ('29fc80fb-02a2-11e8-929a-00505695313b','4ee2d7f5-9f3b-4add-986a-7f1d5658509a','Information Tech','0a1bacef-ff88-4a32-a76a-878275ef2d2a',NULL,'it',NULL,NULL,NULL,NULL);
INSERT INTO `department` (`id`,`temple-id`,`department-name`,`department-leader-devotee-id`,`icon`,`route`,`created-on`,`updated-on`,`created-by`,`updated-by`) VALUES ('2d63cd9b-02a2-11e8-929a-00505695313b','4ee2d7f5-9f3b-4add-986a-7f1d5658509a','Speaker / Singer Allocation','3db35f39-8f62-4178-8993-fca4959536d7',NULL,'serviceAllocation',NULL,NULL,NULL,NULL);
INSERT INTO `department` (`id`,`temple-id`,`department-name`,`department-leader-devotee-id`,`icon`,`route`,`created-on`,`updated-on`,`created-by`,`updated-by`) VALUES ('30f6468e-02a2-11e8-929a-00505695313b','4ee2d7f5-9f3b-4add-986a-7f1d5658509a','Sharanya','3db35f39-8f62-4178-8993-fca4959536d7',NULL,'sharanya',NULL,NULL,NULL,NULL);
INSERT INTO `department` (`id`,`temple-id`,`department-name`,`department-leader-devotee-id`,`icon`,`route`,`created-on`,`updated-on`,`created-by`,`updated-by`) VALUES ('511b2538-7b79-4200-b683-d4f5a7fc029f','4ee2d7f5-9f3b-4add-986a-7f1d5658509a','Devotee Care','0ad008e4-1d35-4a4e-ae27-bc29f6cf7d48','child_care','devoteeCare','2018-01-26 14:49:42','2018-01-26 14:49:42',NULL,NULL);
INSERT INTO `department` (`id`,`temple-id`,`department-name`,`department-leader-devotee-id`,`icon`,`route`,`created-on`,`updated-on`,`created-by`,`updated-by`) VALUES ('7b6b4d40-5a11-427d-b05f-3d5776c493a8','4ee2d7f5-9f3b-4add-986a-7f1d5658509a','Public Relations','0a1bacef-ff88-4a32-a76a-878275ef2d2a',NULL,'pr','2018-01-26 14:44:43','2018-01-26 14:44:43',NULL,NULL);
INSERT INTO `department` (`id`,`temple-id`,`department-name`,`department-leader-devotee-id`,`icon`,`route`,`created-on`,`updated-on`,`created-by`,`updated-by`) VALUES ('8d883f96-b074-45d2-a35e-e38cf0c0ff46','4ee2d7f5-9f3b-4add-986a-7f1d5658509a','Deity','ce7f3663-9d8e-48cc-9990-ed0516c17bd7',NULL,'deity','2018-01-26 14:48:32','2018-01-26 14:48:32',NULL,NULL);
INSERT INTO `department` (`id`,`temple-id`,`department-name`,`department-leader-devotee-id`,`icon`,`route`,`created-on`,`updated-on`,`created-by`,`updated-by`) VALUES ('cdeb1aea-02a1-11e8-929a-00505695313b','4ee2d7f5-9f3b-4add-986a-7f1d5658509a','Kitchen','3db35f39-8f62-4178-8993-fca4959536d7',NULL,'kitchen',NULL,NULL,NULL,NULL);
INSERT INTO `department` (`id`,`temple-id`,`department-name`,`department-leader-devotee-id`,`icon`,`route`,`created-on`,`updated-on`,`created-by`,`updated-by`) VALUES ('d2870ecc-02a1-11e8-929a-00505695313b','4ee2d7f5-9f3b-4add-986a-7f1d5658509a','Preaching','3db35f39-8f62-4178-8993-fca4959536d7',NULL,'preaching',NULL,NULL,NULL,NULL);
INSERT INTO `department` (`id`,`temple-id`,`department-name`,`department-leader-devotee-id`,`icon`,`route`,`created-on`,`updated-on`,`created-by`,`updated-by`) VALUES ('d7cb5b9c-02a1-11e8-929a-00505695313b','4ee2d7f5-9f3b-4add-986a-7f1d5658509a','LPM & Donor Care (Others)','3db35f39-8f62-4178-8993-fca4959536d7',NULL,'lpm',NULL,NULL,NULL,NULL);
INSERT INTO `department` (`id`,`temple-id`,`department-name`,`department-leader-devotee-id`,`icon`,`route`,`created-on`,`updated-on`,`created-by`,`updated-by`) VALUES ('dbf8f647-02a1-11e8-929a-00505695313b','4ee2d7f5-9f3b-4add-986a-7f1d5658509a','Maintenance','ce7f3663-9d8e-48cc-9990-ed0516c17bd7',NULL,'maintenance',NULL,NULL,NULL,NULL);
INSERT INTO `department` (`id`,`temple-id`,`department-name`,`department-leader-devotee-id`,`icon`,`route`,`created-on`,`updated-on`,`created-by`,`updated-by`) VALUES ('dfcff98e-02a1-11e8-929a-00505695313b','4ee2d7f5-9f3b-4add-986a-7f1d5658509a','BBT / Matchless Gifts','3db35f39-8f62-4178-8993-fca4959536d7','library_books','bbt',NULL,NULL,NULL,NULL);
INSERT INTO `department` (`id`,`temple-id`,`department-name`,`department-leader-devotee-id`,`icon`,`route`,`created-on`,`updated-on`,`created-by`,`updated-by`) VALUES ('e43dce47-02a1-11e8-929a-00505695313b','4ee2d7f5-9f3b-4add-986a-7f1d5658509a','BTG','3db35f39-8f62-4178-8993-fca4959536d7','library_books','btg',NULL,NULL,NULL,NULL);
INSERT INTO `department` (`id`,`temple-id`,`department-name`,`department-leader-devotee-id`,`icon`,`route`,`created-on`,`updated-on`,`created-by`,`updated-by`) VALUES ('e992740f-02a1-11e8-929a-00505695313b','4ee2d7f5-9f3b-4add-986a-7f1d5658509a','Matrimonial Services','3db35f39-8f62-4178-8993-fca4959536d7',NULL,'matrimony',NULL,NULL,NULL,NULL);
INSERT INTO `department` (`id`,`temple-id`,`department-name`,`department-leader-devotee-id`,`icon`,`route`,`created-on`,`updated-on`,`created-by`,`updated-by`) VALUES ('ecf06c00-02a1-11e8-929a-00505695313b','4ee2d7f5-9f3b-4add-986a-7f1d5658509a','Kirtans','3db35f39-8f62-4178-8993-fca4959536d7','music_note','kirtans',NULL,NULL,NULL,NULL);
INSERT INTO `department` (`id`,`temple-id`,`department-name`,`department-leader-devotee-id`,`icon`,`route`,`created-on`,`updated-on`,`created-by`,`updated-by`) VALUES ('f0405882-02a1-11e8-929a-00505695313b','4ee2d7f5-9f3b-4add-986a-7f1d5658509a','Festival Committee','3db35f39-8f62-4178-8993-fca4959536d7',NULL,'festivalCommittee',NULL,NULL,NULL,NULL);
INSERT INTO `department` (`id`,`temple-id`,`department-name`,`department-leader-devotee-id`,`icon`,`route`,`created-on`,`updated-on`,`created-by`,`updated-by`) VALUES ('f5a9f0f2-02a1-11e8-929a-00505695313b','4ee2d7f5-9f3b-4add-986a-7f1d5658509a','IYF','3db35f39-8f62-4178-8993-fca4959536d7',NULL,'iyf',NULL,NULL,NULL,NULL);
INSERT INTO `department` (`id`,`temple-id`,`department-name`,`department-leader-devotee-id`,`icon`,`route`,`created-on`,`updated-on`,`created-by`,`updated-by`) VALUES ('f8fd8a0b-02a1-11e8-929a-00505695313b','4ee2d7f5-9f3b-4add-986a-7f1d5658509a','Treasury','3db35f39-8f62-4178-8993-fca4959536d7',NULL,'treasury',NULL,NULL,NULL,NULL);
INSERT INTO `department` (`id`,`temple-id`,`department-name`,`department-leader-devotee-id`,`icon`,`route`,`created-on`,`updated-on`,`created-by`,`updated-by`) VALUES ('fc41f428-02a1-11e8-929a-00505695313b','4ee2d7f5-9f3b-4add-986a-7f1d5658509a','Education','0a1bacef-ff88-4a32-a76a-878275ef2d2a',NULL,'education',NULL,NULL,NULL,NULL);
INSERT INTO `department` (`id`,`temple-id`,`department-name`,`department-leader-devotee-id`,`icon`,`route`,`created-on`,`updated-on`,`created-by`,`updated-by`) VALUES ('fee3ec6c-02a1-11e8-929a-00505695313b','4ee2d7f5-9f3b-4add-986a-7f1d5658509a','Krishna Kingdom','ee398ab7-be39-4669-ae0a-c370ef66e59e',NULL,'krishnaKingdom',NULL,NULL,NULL,NULL);



delete from `department-role`;
INSERT INTO `department-role` VALUES ('15b8b355-02a2-11e8-929a-00505695313b','183a07e5-14c0-472f-a36b-5cbf8c6d430a',NULL,NULL,NULL,NULL),('15b8b355-02a2-11e8-929a-00505695313b','b87d2aa8-de3c-4148-a1bb-7ca01856d6c7',NULL,NULL,NULL,NULL),('19f1bff4-02a2-11e8-929a-00505695313b','9883cef7-371b-44a0-8e63-54a98d8a897d',NULL,NULL,NULL,NULL),('19f1bff4-02a2-11e8-929a-00505695313b','ce1a27be-9e81-49b5-93cb-a27a7c6ad8eb',NULL,NULL,NULL,NULL),('1e09c536-02a2-11e8-929a-00505695313b','572c6782-3a77-4aab-92ea-a9f184bf4817',NULL,NULL,NULL,NULL),('1e09c536-02a2-11e8-929a-00505695313b','8948e5ec-e669-49e7-b4d8-8a4d70a1f2d7',NULL,NULL,NULL,NULL),('21885db6-02a2-11e8-929a-00505695313b','1ad9123f-e6a5-44ee-8185-dd02756098e0',NULL,NULL,NULL,NULL),('21885db6-02a2-11e8-929a-00505695313b','adb91fec-0bb8-466d-b884-53727c3eea12',NULL,NULL,NULL,NULL),('21885db6-02a2-11e8-929a-00505695313b','b40bf8c7-39b5-4197-ba5c-754dc15c4d62',NULL,NULL,NULL,NULL),('21885db6-02a2-11e8-929a-00505695313b','e12b120c-9034-4c2e-9fba-04351d72502b',NULL,NULL,NULL,NULL),('264d12e2-02a2-11e8-929a-00505695313b','94a25ab8-7cb5-4c73-9bb5-8fb511f67c9a',NULL,NULL,NULL,NULL),('264d12e2-02a2-11e8-929a-00505695313b','963abea5-1068-478d-b9e8-aa4c3794d075',NULL,NULL,NULL,NULL),('29fc80fb-02a2-11e8-929a-00505695313b','106fee1d-efc2-4bfa-bc98-a930513d0a85',NULL,NULL,NULL,NULL),('29fc80fb-02a2-11e8-929a-00505695313b','9dfbd3d6-9bf8-4712-91d8-64ad87159b06',NULL,NULL,NULL,NULL),('29fc80fb-02a2-11e8-929a-00505695313b','f5425e4c-d715-4ba2-b3f0-cee4932c6581',NULL,NULL,NULL,NULL),('2d63cd9b-02a2-11e8-929a-00505695313b','7965dc66-79bd-464c-9c5e-763511febf95',NULL,NULL,NULL,NULL),('2d63cd9b-02a2-11e8-929a-00505695313b','f618e3cd-5b4c-4b58-a5bd-cd8de37549ec',NULL,NULL,NULL,NULL),('30f6468e-02a2-11e8-929a-00505695313b','1438fff3-ef46-47e8-b842-a27ddc35ab57',NULL,NULL,NULL,NULL),('30f6468e-02a2-11e8-929a-00505695313b','c22280c9-6e7c-4735-8e12-f70509e5bbb4',NULL,NULL,NULL,NULL),('511b2538-7b79-4200-b683-d4f5a7fc029f','3e711585-9330-4bb4-83c6-6a7b410c44b4',NULL,NULL,NULL,NULL),('511b2538-7b79-4200-b683-d4f5a7fc029f','647fb0db-1155-4489-bb64-071ff9f6df91',NULL,NULL,NULL,NULL),('7b6b4d40-5a11-427d-b05f-3d5776c493a8','1f99dd63-cb1b-4502-a39f-ed9eb1ccfcaf',NULL,NULL,NULL,NULL),('7b6b4d40-5a11-427d-b05f-3d5776c493a8','e1967723-f867-4aa6-894e-91db93e98cea',NULL,NULL,NULL,NULL),('8d883f96-b074-45d2-a35e-e38cf0c0ff46','3ffc0ae7-84b6-41ba-829c-6d1292f2dc15',NULL,NULL,NULL,NULL),('8d883f96-b074-45d2-a35e-e38cf0c0ff46','655bcaa6-cfb8-4473-b2d7-901bb8161f24',NULL,NULL,NULL,NULL),('cdeb1aea-02a1-11e8-929a-00505695313b','524a7068-0261-4fc7-8dee-b135819d8cbe',NULL,NULL,NULL,NULL),('cdeb1aea-02a1-11e8-929a-00505695313b','56467b09-3708-4d46-843a-41df2f9d8dd9',NULL,NULL,NULL,NULL),('dbf8f647-02a1-11e8-929a-00505695313b','2fbb89fa-2b61-4b78-861a-4e3c5adf966b',NULL,NULL,NULL,NULL),('dbf8f647-02a1-11e8-929a-00505695313b','975541cf-dafe-4f95-9daa-2f9980de0cbb',NULL,NULL,NULL,NULL),('e992740f-02a1-11e8-929a-00505695313b','1439f1aa-9000-40e3-b549-e1da07929afc',NULL,NULL,NULL,NULL),('e992740f-02a1-11e8-929a-00505695313b','3b60d4df-dfd5-4165-8114-1f2a6a063c21',NULL,NULL,NULL,NULL),('ecf06c00-02a1-11e8-929a-00505695313b','97be9869-3aff-429b-af51-761b8805afe3',NULL,NULL,NULL,NULL),('ecf06c00-02a1-11e8-929a-00505695313b','cdb5fbf8-0bcf-4009-a2cf-af2fd7bcb0b8',NULL,NULL,NULL,NULL),('f0405882-02a1-11e8-929a-00505695313b','093249d2-438f-43af-b0d3-eef9bc3a1195',NULL,NULL,NULL,NULL),('f0405882-02a1-11e8-929a-00505695313b','65517797-613a-4e02-834c-cbd95b204b4e',NULL,NULL,NULL,NULL),('f8fd8a0b-02a1-11e8-929a-00505695313b','436ae0eb-e269-4b42-b06c-41499c1584c0',NULL,NULL,NULL,NULL),('f8fd8a0b-02a1-11e8-929a-00505695313b','ddbea48f-c583-4464-879e-dd813b211bd5',NULL,NULL,NULL,NULL),('fc41f428-02a1-11e8-929a-00505695313b','34b8e5a3-4a7d-4acd-8c9f-da7e2a8f9d23',NULL,NULL,NULL,NULL),('fc41f428-02a1-11e8-929a-00505695313b','427522f0-4e59-4ca3-b9d5-546d85b7f757',NULL,NULL,NULL,NULL),('fee3ec6c-02a1-11e8-929a-00505695313b','1378bfc0-0af1-452a-affb-3a7a6ab9c55d',NULL,NULL,NULL,NULL),('fee3ec6c-02a1-11e8-929a-00505695313b','9040c7ed-bf41-4101-a599-d1e9b09873ba',NULL,NULL,NULL,NULL);
INSERT INTO `icc`.`department-role` (`department-id`, `role-id`) VALUES ('dfcff98e-02a1-11e8-929a-00505695313b', '61d269c6-1201-11e8-94e8-d4bed99b600a');
INSERT INTO `icc`.`department-role` (`department-id`, `role-id`) VALUES ('dfcff98e-02a1-11e8-929a-00505695313b', '2897a4cf-1201-11e8-94e8-d4bed99b600a');


delete from `lookup-table-master`;
INSERT INTO `icc`.`lookup-table-master` (`table-name`, `table-display-name`) VALUES ('OutreachMaster', 'OutreachMaster');
INSERT INTO `icc`.`lookup-table-master` (`table-name`, `table-display-name`) VALUES ('PaymentModeMaster', 'PaymentModeMaster');
INSERT INTO `icc`.`lookup-table-master` (`table-name`, `table-display-name`) VALUES ('RelationshipMaster', 'RelationshipMaster');
INSERT INTO `icc`.`lookup-table-master` (`table-name`, `table-display-name`) VALUES ('SpiritualLevelMaster', 'SpiritualLevelMaster');
INSERT INTO `icc`.`lookup-table-master` (`table-name`, `table-display-name`) VALUES ('ElectronicAddressTypeMaster', 'ElectronicAddressTypeMaster');
INSERT INTO `icc`.`lookup-table-master` (`table-name`, `table-display-name`) VALUES ('PhysicalAddressTypeMaster', 'PhysicalAddressTypeMaster');
INSERT INTO `icc`.`lookup-table-master` (`table-name`, `table-display-name`) VALUES ('TaskMaster', 'TaskMaster');
INSERT INTO `icc`.`lookup-table-master` (`table-name`, `table-display-name`) VALUES ('AsramaMaster', 'AsramaMaster');
INSERT INTO `icc`.`lookup-table-master` (`table-name`, `table-display-name`) VALUES ('FestivalMaster', 'FestivalMaster');
INSERT INTO `icc`.`lookup-table-master` (`table-name`, `table-display-name`) VALUES ('Language', 'Language');
INSERT INTO `icc`.`lookup-table-master` (`table-name`, `table-display-name`) VALUES ('Skill', 'Skill');


SET FOREIGN_KEY_CHECKS=@OLD_FOREIGN_KEY_CHECKS;